avg,min,max
897.55141,897.55141,897.55141
