avg,min,max
65.3988703898305,13.021161,254.494965
