cpu_usage,memory_usage,disk_read_ops,disk_write_ops,bytes_received,bytes_transmitted
77.3,33.9501,12.5,52.76,11358284941.0,105869692.0
76.5,33.481,12.49,52.75,11426533100.0,106118895.0,897.55141,897.55141,897.55141,1,1
77.1,33.5169,12.49,52.75,11426536234.0,106122727.0,897.55141,897.55141,897.55141,1,1
